Meeting_Date,Vector_Shift_Pct,Text_Drivers
2021-03-17,60.55,"selected, authorization, arp, currency"
2021-04-28,42.71,"repo, arp, fima, arrangements"
2021-06-16,37.76,"srf, permanent, repo, arrangements"
2021-07-28,47.74,"tapering, asset, purchases, srf"
2021-09-22,36.48,"covid, moderation, asset, selected"
2021-11-03,39.04,"tapering, moderation, purchase, variant"
2021-12-15,47.97,"normalization, omicron, variant, summer"
2022-01-26,68.19,"normalization, selected, authorization, shall"
2022-03-16,80.34,"invasion, selected, ukraine, russian"
2022-05-04,33.98,"russian, lockdowns, covid, invasion"
2022-06-15,36.71,"arrangements, nbfis, plans, ecb"
2022-07-27,54.05,"invasion, mmmfs, digital, war"
2022-09-21,50.68,"mmmfs, tem, pro, digital"
2022-11-02,42.63,"lags, gilt, tightening, realized"
2022-12-14,45.59,"tightening, gilt, cph, lags"
2023-02-01,44.06,"cph, annual, governance, document"
2023-03-22,73.02,"banking, signature, closures, valley"
2023-05-03,41.61,"signature, closures, stress, silicon"
2023-06-14,48.31,"banking, stress, sized, projections"
2023-07-26,49.30,"standards, expecting, projections, cre"
2023-09-20,52.10,"tightening, standards, strike, lfpr"
2023-11-01,48.06,"lfpr, armed, standards, expanding"
2023-12-13,57.12,"armed, projections, softer, begins"
2024-01-31,56.67,"fourth, moving, softer, gained"
2024-03-20,52.67,"runoff, reserves, boj, fourth"
2024-05-01,51.56,"runoff, redemption, reserves, boj"
2024-06-12,60.02,"redemption, cap, districts, projections"
2024-07-31,60.80,"french, moderated, projections, equilibrium"
2024-09-18,55.46,"french, moderated, recalibration, boj"
2024-11-07,59.84,"vulnerabilities, boj, sloos, srf"
2024-12-18,56.78,"assumptions, placeholder, sloos, standards"
2025-01-29,57.71,"assumptions, reviews, stabilized, election"
2025-03-19,62.65,"tariffs, tariff, reviews, auctions"
2025-05-07,53.15,"targeting, flexible, tariff, elb"
2025-06-18,47.49,"targeting, flexible, student, tariffs"
2025-07-30,43.84,"stablecoins, gfc, tariff, vulnerabilities"
2025-09-17,56.50,"tariffs, miran, stablecoins, tariff"
2025-10-29,59.72,"portfolio, clearing, srf, shutdown"
2025-12-10,58.55,"rmps, ample, srf, reserves"
2026-01-28,60.17,"ample, reserves, rmps, nonreserve"
2026-03-18,67.18,"east, conflict, middle, oil"
2026-04-29,35.58,"srp, conflict, arrangements, days"
2026-06-17,45.75,"chairman, srp, buildout, arrangements"